9.6,肖申克的救赎,1994,美国,犯罪剧情,弗兰克·德拉邦特FrankDarabont 蒂姆·罗宾斯TimRobbins/...,希望让人自由。,1395073
9.6,霸王别姬,1993,中国大陆香港,剧情爱情同性,陈凯歌KaigeChen 张国荣LeslieCheung/张丰毅FengyiZha...,风华绝代。,1033001
9.4,这个杀手不太冷,1994,法国,剧情动作犯罪,吕克·贝松LucBesson 让·雷诺JeanReno/娜塔莉·波特曼...,怪蜀黍和小萝莉不得不说的故事。,1274524
9.4,阿甘正传,1994,美国,剧情爱情,罗伯特·泽米吉斯RobertZemeckis 汤姆·汉克斯TomHanks/...,一部美国近现代史。,1098689
9.5,美丽人生,1997,意大利,剧情喜剧爱情战争,罗伯托·贝尼尼RobertoBenigni 罗伯托·贝尼尼RobertoBeni...,最美的谎言。,643150
9.3,泰坦尼克号,1997,美国,剧情爱情灾难,詹姆斯·卡梅隆JamesCameron 莱昂纳多·迪卡普里奥Leonardo...,失去的才是永恒的。 ,1039140
9.3,千与千寻,2001,日本,剧情动画奇幻,宫崎骏HayaoMiyazaki 柊瑠美RumiHîragi/入野自由Miy...,最好的宫崎骏，最好的久石让。 ,1024645
9.5,辛德勒的名单,1993,美国,剧情历史战争,史蒂文·斯皮尔伯格StevenSpielberg 连姆·尼森LiamNeeson...,拯救一个人，就是拯救整个世界。,573743
9.3,盗梦空间,2010,美国英国,剧情科幻悬疑冒险,克里斯托弗·诺兰ChristopherNolan 莱昂纳多·迪卡普里奥Le...,诺兰给了我们一场无法盗取的梦。,1105540
9.3,忠犬八公的故事,2009,美国英国,剧情,莱塞·霍尔斯道姆LasseHallström 理查·基尔RichardGer...,永远都不能忘记你所爱的人。,728140
9.3,机器人总动员,2008,美国,爱情科幻动画冒险,安德鲁·斯坦顿AndrewStanton 本·贝尔特BenBurtt/艾丽...,小瓦力，大人生。,732502
9.2,三傻大闹宝莱坞,2009,印度,剧情喜剧爱情歌舞,拉库马·希拉尼RajkumarHirani 阿米尔·汗AamirKhan/卡...,英俊版憨豆，高情商版谢耳朵。,992526
9.2,海上钢琴师,1998,意大利,剧情音乐,朱塞佩·托纳多雷GiuseppeTornatore 蒂姆·罗斯TimRoth/...,每个人都要走一条自己坚定了的路，就算是粉身碎骨。 ,814980
9.3,放牛班的春天,2004,法国瑞士德国,剧情音乐,克里斯托夫·巴拉蒂ChristopheBarratier 热拉尔·朱尼奥Gé...,天籁一般的童声，是最接近上帝的存在。 ,687061
9.2,楚门的世界,1998,美国,剧情科幻,彼得·威尔PeterWeir 金·凯瑞JimCarrey/劳拉·琳妮Lau...,如果再也不能见到你，祝你早安，午安，晚安。,758423
9.2,大话西游之大圣娶亲,1995,香港中国大陆,喜剧爱情奇幻古装,刘镇伟JeffreyLau 周星驰StephenChow/吴孟达ManTatNg...,一生所爱。,767551
9.2,星际穿越,2014,美国英国加拿大冰岛,剧情科幻冒险,克里斯托弗·诺兰ChristopherNolan 马修·麦康纳MatthewMc...,爱是一种力量，让我们超越时空感知它的存在。,787943
9.2,龙猫,1988,日本,动画奇幻冒险,宫崎骏HayaoMiyazaki 日高法子NorikoHidaka/坂本千夏Ch...,人人心中都有个龙猫，童年就永远不会消失。,678652
9.2,教父,1972,美国,剧情犯罪,弗朗西斯·福特·科波拉FrancisFordCoppola 马龙·白兰度M...,千万不要记恨你的对手，这样会让你失去理智。,498305
9.3,熔炉,2011,韩国,剧情,黄东赫Dong-hyukHwang 孔侑YooGong/郑有美Yu-miJeong...,我们一路奋战不是为了改变世界，而是为了不让世界改变我们。,443631
9.1,无间道,2002,香港,剧情犯罪悬疑,刘伟强/麦兆辉 刘德华/梁朝伟/黄秋生,香港电影史上永不过时的杰作。,630212
9.2,疯狂动物城,2016,美国,喜剧动画冒险,拜伦·霍华德ByronHoward/瑞奇·摩尔RichMoore 金妮弗·...,迪士尼给我们营造的乌托邦就是这样，永远善良勇敢，永远出乎意料。,864878
9.0,当幸福来敲门,2006,美国,剧情传记家庭,加布里尔·穆奇诺GabrieleMuccino 威尔·史密斯WillSmith...,平民励志片。 ,803082
9.0,怦然心动,2010,美国,剧情喜剧爱情,罗伯·莱纳RobReiner 玛德琳·卡罗尔MadelineCarroll/卡...,真正的幸福是来自内心深处。,886559
9.2,触不可及,2011,法国,剧情喜剧,奥利维·那卡什OlivierNakache/艾力克·托兰达EricToledano 主...,满满温情的高雅喜剧。,530430
9.1,蝙蝠侠：黑暗骑士,2008,美国英国,剧情动作科幻犯罪惊悚,克里斯托弗·诺兰ChristopherNolan 克里斯蒂安·贝尔Christ...,无尽的黑暗。,512013
9.2,乱世佳人,1939,美国,剧情历史爱情战争,维克多·弗莱明VictorFleming/乔治·库克GeorgeCukor 费...,Tomorrow is another day.,369750
9.2,活着,1994,中国大陆香港,剧情历史家庭,张艺谋YimouZhang 葛优YouGe/巩俐LiGong/姜武WuJiang,张艺谋最好的电影。,410331
9.0,少年派的奇幻漂流,2012,美国台湾英国加拿大,剧情奇幻冒险,李安AngLee 苏拉·沙玛SurajSharma/伊尔凡·可汗Irrfan...,瑰丽壮观、无人能及的冒险之旅。,802504
9.6,控方证人,1957,美国,剧情犯罪悬疑,比利·怀尔德BillyWilder 泰隆·鲍华TyronePower/玛琳·...,比利·怀德满分作品。,175825
9.2,天堂电影院,1988,意大利法国,剧情爱情,朱塞佩·托纳多雷GiuseppeTornatore 安东内拉·阿蒂利Anton...,那些吻戏，那些青春，都在影院的黑暗里被泪水冲刷得无比清晰。,397425
9.2,鬼子来了,2000,中国大陆,剧情历史战争,姜文WenJiang 姜文WenJiang/香川照之TeruyukiKagawa/...,对敌人的仁慈，就是对自己残忍。,335522
9.1,指环王3：王者无敌,2003,美国新西兰,剧情动作奇幻冒险,彼得·杰克逊PeterJackson 维果·莫腾森ViggoMortensen/...,史诗的终章。,402574
9.4,十二怒汉,1957,美国,剧情,SidneyLumet 亨利·方达HenryFonda/马丁·鲍尔萨姆Marti...,1957年的理想主义。 ,238922
9.1,天空之城,1986,日本,动画奇幻冒险,宫崎骏HayaoMiyazaki 田中真弓MayumiTanaka/横泽启子Ke...,对天空的追逐，永不停止。 ,471469
9.0,摔跤吧！爸爸,2016,印度,剧情传记运动家庭,涅提·蒂瓦里NiteshTiwari 阿米尔·汗AamirKhan/法缇玛...,你不是在为你一个人战斗，你要让千千万万的女性看到女生并不是只能相夫教子。,767280
8.9,飞屋环游记,2009,美国,剧情喜剧动画冒险,彼特·道格特PeteDocter/鲍勃·彼德森BobPeterson 爱德...,最后那些最无聊的事情，才是最值得怀念的。 ,718288
9.0,大话西游之月光宝盒,1995,香港中国大陆,喜剧爱情奇幻古装,刘镇伟JeffreyLau 周星驰StephenChow/吴孟达ManTatNg...,旷古烁今。,619549
9.0,搏击俱乐部,1999,美国德国,剧情动作悬疑惊悚,大卫·芬奇DavidFincher 爱德华·诺顿EdwardNorton/布拉...,邪恶与平庸蛰伏于同一个母体，在特定的时间互相对峙。,515404
9.0,罗马假日,1953,美国,喜剧剧情爱情,威廉·惠勒WilliamWyler 奥黛丽·赫本AudreyHepburn/格...,爱情哪怕只有一天。,537365
9.0,哈尔的移动城堡,2004,日本,动画奇幻冒险,宫崎骏HayaoMiyazaki 倍赏千惠子ChiekoBaishô/木村拓...,带着心爱的人在天空飞翔。,521199
9.0,闻香识女人,1992,美国,剧情,马丁·布莱斯MartinBrest 阿尔·帕西诺AlPacino/克里斯...,史上最美的探戈。,459107
9.2,辩护人,2013,韩国,剧情,杨宇硕Woo-seokYang 宋康昊Kang-hoSong/吴达洙Dal-suO...,电影的现实意义大过电影本身。,317315
9.1,窃听风暴,2006,德国,剧情悬疑,弗洛里安·亨克尔·冯·多纳斯马尔克FlorianHenckelvonDonnersmarck  &n...,别样人生。,318808
9.1,两杆大烟枪,1998,英国,剧情喜剧犯罪,GuyRitchie JasonFlemyng/DexterFletcher/NickMoran,4个臭皮匠顶个诸葛亮，盖·里奇果然不是盖的。,352855
9.1,末代皇帝,1987,英国意大利中国大陆法国美国,剧情传记历史,贝纳尔多·贝托鲁奇BernardoBertolucci 尊龙JohnLone/陈...,“不要跟我比惨，我比你更惨”再适合这部电影不过了。,310178
9.1,飞越疯人院,1975,美国,剧情,米洛斯·福尔曼MilošForman 杰克·尼科尔森JackNichols...,自由万岁。,355518
9.0,死亡诗社,1989,美国,剧情,彼得·威尔PeterWeir 罗宾·威廉姆斯RobinWilliams/罗伯...,当一个死水般的体制内出现一个活跃的变数时，所有的腐臭都站在了光明的对面。,389670
9.2,素媛,2013,韩国,剧情,李濬益Jun-ikLee 薛景求Kyung-guSol/严志媛Ji-wonUhm...,受过伤害的人总是笑得最开心，因为他们不愿意让身边的人承受一样的痛苦。,287294
9.0,指环王2：双塔奇兵,2002,美国新西兰,剧情动作奇幻冒险,彼得·杰克逊PeterJackson 伊利亚·伍德ElijahWood/西恩...,承前启后的史诗篇章。,378112
9.0,寻梦环游记,2017,美国,喜剧动画奇幻音乐,李·昂克里奇LeeUnkrich/阿德里安·莫利纳AdrianMolina ...,死亡不是真的逝去，遗忘才是永恒的消亡。,731346
8.8,V字仇杀队,2005,美国英国德国,剧情动作科幻惊悚,詹姆斯·麦克特格JamesMcTeigue 娜塔莉·波特曼NataliePor...,一张面具背后的理想与革命。,595175
9.2,教父2,1974,美国,剧情犯罪,弗朗西斯·福特·科波拉FrancisFordCoppola 阿尔·帕西诺A...,优雅的孤独。,270034
9.0,指环王1：魔戒再现,2001,新西兰美国,剧情动作奇幻冒险,彼得·杰克逊PeterJackson 伊利亚·伍德ElijahWood/西恩...,传说的开始。,423769
9.3,海豚湾,2009,美国,纪录片,路易·西霍尤斯LouiePsihoyos RichardO'Barry/路易·西霍...,海豚的微笑，是世界上最高明的伪装。,234444
9.1,饮食男女,1994,台湾美国,剧情家庭,李安AngLee 郎雄SihungLung/杨贵媚Kuei-MeiYang/吴...,人生不能像做菜，把所有的料都准备好了才下锅。,290491
9.0,狮子王,1994,美国,剧情动画冒险歌舞家庭,RogerAllers/罗伯·明可夫RobMinkoff 乔纳森·泰勒·托马...,动物版《哈姆雷特》。,403267
8.9,美丽心灵,2001,美国,传记剧情,朗·霍华德RonHoward 罗素·克劳RussellCrowe/艾德·哈...,爱是一切逻辑和原由。,413071
8.9,情书,1995,日本,剧情爱情,岩井俊二ShunjiIwai 中山美穗MihoNakayama/丰川悦司Ets...,暗恋的极致。,513579
9.1,钢琴家,2002,法国德国英国波兰,剧情传记历史战争音乐,罗曼·波兰斯基RomanPolanski 艾德里安·布洛迪AdrienBrod...,音乐能化解仇恨。,272441
8.8,本杰明·巴顿奇事,2008,美国,剧情爱情奇幻,大卫·芬奇DavidFincher 凯特·布兰切特CateBlanchett/...,在时间之河里感受溺水之苦。,538801
9.1,美国往事,1984,意大利美国,犯罪剧情,赛尔乔·莱翁内SergioLeone 罗伯特·德尼罗RobertDeNiro...,往事如烟，无处祭奠。,233429
8.8,看不见的客人,2016,西班牙,剧情犯罪悬疑惊悚,奥里奥尔·保罗OriolPaulo 马里奥·卡萨斯MarioCasas/阿...,你以为你以为的就是你以为的。,572907
8.9,黑客帝国,1999,美国澳大利亚,动作科幻,安迪·沃卓斯基AndyWachowski/拉娜·沃卓斯基LanaWachowski 主...,视觉革命。,403134
9.2,小鞋子,1997,伊朗,剧情儿童家庭,马基德·马基迪MajidMajidi 法拉赫阿米尔·哈什米安AmirFa...,奔跑的孩子是天使。,200025
8.8,西西里的美丽传说,2000,意大利美国,剧情战争情色,朱塞佩·托纳多雷GiuseppeTornatore 莫妮卡·贝鲁奇Monica...,美丽无罪。,510020
9.3,大闹天宫,1961/1964/1978/2004,中国大陆,动画奇幻,万籁鸣LaimingWan/唐澄ChengTang 邱岳峰YuefengQiu/...,经典之作，历久弥新。,166848
8.9,哈利·波特与魔法石,2001,美国英国,奇幻冒险,ChrisColumbus DanielRadcliffe/EmmaWatson/RupertGrint,童话世界的开端。,422707
8.7,让子弹飞,2010,中国大陆香港,剧情喜剧动作西部,姜文WenJiang 姜文WenJiang/葛优YouGe/周润发Yun-F...,你给我翻译翻译，神马叫做TMD的惊喜。,878558
8.9,拯救大兵瑞恩,1998,美国,剧情历史战争,史蒂文·斯皮尔伯格StevenSpielberg 汤姆·汉克斯TomHanks...,美利坚精神输出大片No1.,343640
8.8,致命魔术,2006,美国英国,剧情悬疑惊悚,克里斯托弗·诺兰ChristopherNolan 休·杰克曼HughJackman...,孪生蝙蝠侠大战克隆金刚狼。,467905
8.8,七宗罪,1995,美国,剧情犯罪悬疑惊悚,大卫·芬奇DavidFincher 摩根·弗里曼MorganFreeman/布...,警察抓小偷，老鼠玩死猫。,561721
8.9,被嫌弃的松子的一生,2006,日本,剧情歌舞,中岛哲也TetsuyaNakashima 中谷美纪MikiNakatani/瑛太E...,以戏谑来戏谑戏谑。,415226
9.0,音乐之声,1965,美国,剧情传记爱情歌舞,罗伯特·怀斯RobertWise 朱莉·安德鲁斯JulieAndrews/克...,用音乐化解仇恨，让歌声串起美好。,316146
8.8,低俗小说,1994,美国,剧情喜剧犯罪,昆汀·塔伦蒂诺QuentinTarantino 约翰·特拉沃尔塔JohnTra...,故事的高级讲法。,461543
8.7,天使爱美丽,2001,法国德国,喜剧爱情,让-皮埃尔·热内Jean-PierreJeunet 奥黛丽·塔图AudreyTau...,法式小清新。 ,624327
8.8,沉默的羔羊,1991,美国,剧情犯罪惊悚,乔纳森·戴米JonathanDemme 朱迪·福斯特JodieFoster/安...,安东尼·霍普金斯的顶级表演。,467519
8.9,勇敢的心,1995,美国,动作传记剧情历史战争,梅尔·吉布森MelGibson 梅尔·吉布森MelGibson/苏菲·玛...,史诗大片的典范。,370626
8.9,猫鼠游戏,2002,美国加拿大,传记犯罪剧情,史蒂文·斯皮尔伯格StevenSpielberg 莱昂纳多·迪卡普里奥L...,骗子大师和执著警探的你追我跑故事。 ,360441
8.7,蝴蝶效应,2004,美国加拿大,剧情悬疑科幻惊悚,埃里克·布雷斯EricBress/J·麦基·格鲁伯J.MackyeGruber 主...,人的命运被自己瞬间的抉择改变。,514654
8.7,剪刀手爱德华,1990,美国,剧情奇幻爱情,蒂姆·波顿TimBurton 约翰尼·德普JohnnyDepp/薇诺娜·...,浪漫忧郁的成人童话。,638974
8.9,春光乍泄,1997,香港日本韩国,剧情爱情同性,王家卫KarWaiWong 张国荣LeslieCheung/梁朝伟TonyLeu...,爱情纠缠，男女一致。,342667
8.8,心灵捕手,1997,美国,剧情,格斯·范·桑特GusVanSant 马特·达蒙MattDamon/罗宾·...,人生中应该拥有这样的一段豁然开朗。,375312
8.7,禁闭岛,2010,美国,剧情悬疑惊悚,MartinScorsese 莱昂纳多·迪卡普里奥LeonardoDiCaprio/...,昔日翩翩少年，今日大腹便便。,500397
8.8,布达佩斯大饭店,2014,美国德国英国,剧情喜剧冒险,韦斯·安德森WesAnderson 拉尔夫·费因斯RalphFiennes/...,小清新的故事里注入了大历史的情怀。,463309
9.0,穿条纹睡衣的男孩,2008,英国美国,剧情战争,马克·赫尔曼MarkHerman 阿萨·巴特菲尔德AsaButterfield...,尽管有些不切实际的幻想，这部电影依旧是一部感人肺腑的佳作。,229636
8.8,入殓师,2008,日本,剧情,泷田洋二郎YôjirôTakita 本木雅弘MasahiroMotoki/...,死可能是一道门，逝去并不是终结，而是超越，走向下一程。,386744
8.7,阿凡达,2009,美国英国,动作战争科幻冒险,詹姆斯·卡梅隆JamesCameron 萨姆·沃辛顿SamWorthington...,绝对意义上的美轮美奂。,734533
8.8,幽灵公主,1997,日本,动画奇幻冒险,宫崎骏HayaoMiyazaki 松田洋治YôjiMatsuda/石田百合...,人与自然的战争史诗。,314636
8.8,阳光灿烂的日子,1994,中国大陆香港,剧情爱情,姜文WenJiang 夏雨YuXia/宁静JingNing/陶虹HongTao,一场华丽的意淫。,360037
8.7,致命ID,2003,美国,剧情悬疑惊悚,JamesMangold JohnCusack/RayLiotta/AmandaPeet,最不可能的那个人永远是最可能的。,428712
8.8,第六感,1999,美国,剧情悬疑惊悚,M·奈特·沙马兰M.NightShyamalan 布鲁斯·威利斯BruceWi...,深入内心的恐怖，出人意料的结局。,308397
8.7,加勒比海盗,2003,美国,动作冒险奇幻,戈尔·维宾斯基GoreVerbinski 约翰尼·德普JohnnyDepp/...,约翰尼·德普的独角戏。,483238
9.1,狩猎,2012,丹麦瑞典,剧情,托马斯·温特伯格ThomasVinterberg 麦斯·米科尔森MadsMik...,人言可畏。,184977
8.9,玛丽和马克思,2009,澳大利亚,剧情喜剧动画,亚当·艾略特AdamElliot 托妮·科莱特ToniCollette/菲利...,你是我最好的朋友，你是我唯一的朋友 。,278730
8.7,断背山,2005,美国加拿大,剧情爱情同性家庭,李安AngLee 希斯·莱杰HeathLedger/杰克·吉伦哈尔Jake...,每个人心中都有一座断背山。,423667
8.7,重庆森林,1994,香港,剧情爱情,王家卫KarWaiWong 林青霞BrigitteLin/金城武TakeshiK...,寂寞没有期限。,441273
9.2,摩登时代,1936,美国,剧情喜剧爱情,查理·卓别林CharlesChaplin 查理·卓别林CharlesChaplin...,大时代中的人生，小人物的悲喜。,135033
8.7,喜剧之王,1999,香港,喜剧剧情爱情,周星驰StephenChow/李力持Lik-ChiLee 周星驰StephenCh...,我是一个演员。,470716
8.7,告白,2010,日本,剧情惊悚,中岛哲也TetsuyaNakashima 松隆子TakakoMatsu/冈田将生...,没有一人完全善，也没有一人完全恶。,443053
8.8,大鱼,2003,美国,剧情家庭奇幻冒险,蒂姆·波顿TimBurton 伊万·麦克格雷格EwanMcGregor/阿...,抱着梦想而活着的人是幸福的，怀抱梦想而死去的人是不朽的。,328197
8.7,消失的爱人,2014,美国,剧情犯罪悬疑惊悚,大卫·芬奇DavidFincher 本·阿弗莱克BenAffleck/罗莎蒙...,年度最佳date movie。,491289
9.0,一一,2000,台湾日本,剧情爱情家庭,杨德昌EdwardYang 吴念真/李凯莉KellyLee/金燕玲Elai...,我们都曾经是一一。,199714
8.7,射雕英雄传之东成西就,1993,香港,喜剧奇幻武侠古装,刘镇伟JeffreyLau 梁朝伟TonyLeungChiuWai/林青霞Bri...,百看不厌。 ,362276
8.8,阳光姐妹淘,2011,韩国,剧情喜剧,姜炯哲Hyeong-CheolKang 沈恩京Eun-kyungShim/闵孝琳Hy...,再多各自牛逼的时光，也比不上一起傻逼的岁月。 ,354844
8.8,甜蜜蜜,1996,香港,剧情爱情,陈可辛PeterChan 黎明LeonLai/张曼玉MaggieCheung/...,相逢只要一瞬间，等待却像是一辈子。,292180
8.8,爱在黎明破晓前,1995,美国奥地利瑞士,剧情爱情,理查德·林克莱特RichardLinklater 伊桑·霍克EthanHawke...,缘分是个连绵词，最美不过一瞬。,302035
9.0,小森林 夏秋篇,2014,日本,剧情,森淳一JunichiMori 桥本爱AiHashimoto/三浦贵大Takahir...,那些静得只能听见呼吸的日子里，你明白孤独即生活。,204456
8.7,驯龙高手,2010,美国,动画奇幻冒险,迪恩·德布洛斯DeanDeBlois/克里斯·桑德斯ChrisSanders ...,和谐的生活离不开摸头与被摸头。,405731
8.8,侧耳倾听,1995,日本,剧情爱情动画,近藤喜文YoshifumiKondo 本名阳子YoukoHonna/小林桂树K...,少女情怀总是诗。,235006
8.9,红辣椒,2006,日本,动画悬疑科幻惊悚,今敏SatoshiKon 林原惠美MegumiHayashibara/江守彻Toru...,梦的勾结。,193141
8.8,请以你的名字呼唤我,2017,意大利法国巴西美国荷兰德国,剧情爱情同性,卢卡·瓜达尼诺LucaGuadagnino 艾米·汉莫ArmieHammer/...,沉醉在电影的情感和视听氛围中无法自拔。,292982
8.7,倩女幽魂,1987,香港,爱情奇幻武侠古装,程小东Siu-TungChing 张国荣LeslieCheung/王祖贤JoeyW...,两张绝世的脸。 ,369524
8.7,恐怖直播,2013,韩国,剧情犯罪悬疑,金秉祐Byeong-wooKim 河正宇Jung-wooHa/李璟荣Kyeong-y...,恐怖分子的“秋菊打官司”。,324341
8.8,风之谷,1984,日本,动画奇幻冒险,宫崎骏HayaoMiyazaki 岛本须美SumiShimamoto/松田洋治Y...,动画片的圣经。,231795
8.9,上帝之城,2002,巴西法国,犯罪剧情,KátiaLund/FernandoMeirelles AlexandreRodrigues/Lea...,被上帝抛弃了的上帝之城。,191724
8.8,超脱,2011,美国,剧情,托尼·凯耶TonyKaye 艾德里安·布洛迪AdrienBrody/马西...,穷尽一生，我们要学会的，不过是彼此拥抱。,238184
8.8,爱在日落黄昏时,2004,美国,剧情爱情,理查德·林克莱特RichardLinklater 伊桑·霍克EthanHawke...,九年后的重逢是世俗和责任的交叠，没了悸动和青涩，沧桑而温暖。,264220
8.8,菊次郎的夏天,1999,日本,剧情喜剧,北野武TakeshiKitano 北野武TakeshiKitano/关口雄介Yus...,从没见过那么流氓的温柔，从没见过那么温柔的流氓。,258239
8.7,幸福终点站,2004,美国,喜剧剧情爱情,史蒂文·斯皮尔伯格StevenSpielberg 汤姆·汉克斯TomHanks...,有时候幸福需要等一等。 ,292148
8.7,哈利·波特与死亡圣器(下),2011,美国英国,剧情悬疑奇幻冒险,大卫·叶茨DavidYates 丹尼尔·雷德克里夫DanielRadcliffe...,10年的完美句点。,380361
9.0,小森林 冬春篇,2015,日本,剧情,森淳一JunichiMori 桥本爱AiHashimoto/三浦贵大Takahir...,尊敬他人，尊敬你生活的这片土地，明白孤独是人生的常态。,178487
8.7,杀人回忆,2003,韩国,犯罪剧情悬疑惊悚,奉俊昊Joon-hoBong 宋康昊Kang-hoSong/金相庆Sang-kyun...,关于连环杀人悬案的集体回忆。,282950
8.8,7号房的礼物,2013,韩国,剧情喜剧家庭,李焕庆Hwan-kyeongLee 柳承龙Seung-yongRyoo/朴信惠Shi...,《我是山姆》的《美丽人生》。,251660
8.5,神偷奶爸,2010,美国法国,喜剧动画冒险,皮艾尔·柯芬PierreCoffin/克里斯·雷纳德ChrisRenaud ...,Mr. I Don't Care其实也有Care的时候。,531623
8.7,借东西的小人阿莉埃蒂,2010,日本,动画奇幻冒险,米林宏昌HiromasaYonebayashi 志田未来MiraiShida/神木...,曾经的那段美好会沉淀为一辈子的记忆。,286522
8.8,萤火之森,2011,日本,剧情爱情动画奇幻,大森贵弘TakahiroOmori 佐仓绫音AyaneSakura/内山昂辉K...,触不到的恋人。,235231
8.5,唐伯虎点秋香,1993,香港,喜剧爱情古装,李力持Lik-ChiLee 周星驰StephenChow/巩俐LiGong/陈...,华太师是黄霑，吴镇宇四大才子之一。,497892
8.7,蝙蝠侠：黑暗骑士崛起,2012,美国英国,剧情动作科幻犯罪惊悚,克里斯托弗·诺兰ChristopherNolan 克里斯蒂安·贝尔Christ...,诺兰就是保证。,387705
8.6,超能陆战队,2014,美国,喜剧动作科幻动画冒险,唐·霍尔DonHall/克里斯·威廉姆斯ChrisWilliams 斯科特...,Balalala~~~,521036
8.6,怪兽电力公司,2001,美国,儿童喜剧动画奇幻冒险,彼特·道格特PeteDocter/大卫·斯沃曼DavidSilverman 约...,不要给它起名字，起了名字就有感情了。,337666
8.7,岁月神偷,2010,香港中国大陆,剧情家庭,罗启锐AlexLaw 吴君如SandraNg/任达华SimonYam/钟绍...,岁月流逝，来日可追。,377236
8.7,电锯惊魂,2004,美国,悬疑惊悚恐怖,詹姆斯·温JamesWan 雷·沃纳尔LeighWhannell/加利·艾...,真相就在眼前。,266236
9.2,七武士,1954,日本,动作冒险剧情,黑泽明AkiraKurosawa 三船敏郎ToshirôMifune/志村乔...,时代悲歌。,102846
8.7,谍影重重3,2007,美国德国,动作悬疑惊悚,保罗·格林格拉斯PaulGreengrass 马特·达蒙MattDamon/...,像吃了苏打饼一样干脆的电影。,239436
8.6,真爱至上,2003,英国美国法国,喜剧剧情爱情,理查德·柯蒂斯RichardCurtis 休·格兰特HughGrant/柯林...,爱，是个动词。,410836
8.7,疯狂原始人,2013,美国,喜剧动画冒险,科克·德·米科KirkDeMicco/克里斯·桑德斯ChrisSanders 主演...,老少皆宜，这就是好莱坞动画的魅力。,487305
9.1,无人知晓,2004,日本,剧情,是枝裕和HirokazuKoreeda 柳乐优弥YûyaYagira/北浦爱...,我的平常生活就是他人的幸福。,116060
8.9,喜宴,1993,台湾美国,剧情喜剧爱情同性家庭,李安AngLee 赵文瑄WinstonChao/郎雄SihungLung/归亚...,中国家庭的喜怒哀乐忍。,183916
8.7,萤火虫之墓,1988,日本,动画剧情战争,高畑勋IsaoTakahata 辰己努/白石绫乃/志乃原良子,幸福是生生不息，却难以触及的远。 ,257236
8.6,东邪西毒,1994,香港台湾,剧情动作爱情武侠古装,王家卫KarWaiWong 张国荣LeslieCheung/林青霞Brigitte...,电影诗。,339932
8.6,英雄本色,1986,香港,动作犯罪,吴宇森JohnWoo 周润发Yun-FatChow/狄龙LungTi/张国...,英雄泪短，兄弟情长。 ,253107
8.5,贫民窟的百万富翁,2008,英国美国,剧情爱情,丹尼·鲍尔DannyBoyle/洛芙琳·坦丹LoveleenTandan 戴夫...,上帝之城+猜火车+阿甘正传+开心辞典=山寨富翁,477938
8.5,黑天鹅,2010,美国,剧情惊悚,达伦·阿罗诺夫斯基DarrenAronofsky 娜塔莉·波特曼Natalie...,黑暗之美。,523756
8.6,记忆碎片,2000,美国,犯罪剧情悬疑惊悚,克里斯托弗·诺兰ChristopherNolan 盖·皮尔斯GuyPearce/...,一个针管引发的血案。,355202
8.7,血战钢锯岭,2016,美国澳大利亚,剧情传记历史战争,梅尔·吉布森MelGibson 安德鲁·加菲尔德AndrewGarfield/...,优秀的战争片不会美化战场，不会粉饰死亡，不会矮化敌人，不会无视常识，最重要的，不会宣扬战争。,440536
8.7,心迷宫,2014,中国大陆,剧情犯罪悬疑,忻钰坤YukunXin 霍卫民WeiminHuo/王笑天XiaotianWang...,荒诞讽刺，千奇百巧，抽丝剥茧，百转千回。,256122
8.5,傲慢与偏见,2005,法国英国美国,剧情爱情,乔·怀特JoeWright 凯拉·奈特莉KeiraKnightley/马修·...,爱是摈弃傲慢与偏见之后的曙光。,401349
8.7,时空恋旅人,2013,英国,喜剧爱情奇幻,理查德·柯蒂斯RichardCurtis 多姆纳尔·格里森DomhnallGl...,把每天当作最后一天般珍惜度过，积极拥抱生活，就是幸福。,280633
8.8,荒蛮故事,2014,阿根廷西班牙,剧情喜剧犯罪,达米安·斯兹弗隆DamiánSzifron 达里奥·葛兰帝内提Darío...,始于荒诞，止于更荒诞。,205734
8.7,雨人,1988,美国,剧情,巴瑞·莱文森BarryLevinson 达斯汀·霍夫曼DustinHoffman...,生活在自己的世界里，也可以让周围的人显得可笑和渺小。,255233
8.7,纵横四海,1991,香港,剧情喜剧动作犯罪,吴宇森JohnWoo 周润发Yun-FatChow/张国荣LeslieCheung...,香港浪漫主义警匪动作片的巅峰之作。,209114
8.8,教父3,1990,美国,剧情犯罪,弗朗西斯·福特·科波拉FrancisFordCoppola 阿尔·帕西诺A...,任何信念的力量，都无法改变命运。,177980
8.7,达拉斯买家俱乐部,2013,美国,剧情传记同性,让-马克·瓦雷Jean-MarcVallée 马修·麦康纳MatthewMcCon...,Jared Leto的腿比女人还美！,249229
8.8,玩具总动员3,2010,美国,喜剧动画奇幻冒险,李·昂克里奇LeeUnkrich 汤姆·汉克斯TomHanks/蒂姆·艾...,跨度十五年的欢乐与泪水。,250585
9.1,完美的世界,1993,美国,剧情犯罪,克林特·伊斯特伍德ClintEastwood 凯文·科斯特纳KevinCos...,坏人的好总是比好人的好来得更感人。,112072
8.9,卢旺达饭店,2004,英国南非意大利美国,剧情历史战争,特瑞·乔治TerryGeorge 唐·钱德尔DonCheadle/苏菲·奥...,当这个世界闭上双眼，他却敞开了怀抱。,153446
8.6,花样年华,2000,香港,剧情爱情,王家卫KarWaiWong 梁朝伟TonyLeungChiuWai/张曼玉Ma...,偷情本没有这样美。,317724
8.6,海边的曼彻斯特,2016,美国,剧情家庭,肯尼斯·罗纳根KennethLonergan 卡西·阿弗莱克CaseyAffle...,我们都有权利不与自己的过去和解。,277171
9.0,海洋,2009,法国瑞士西班牙美国阿联酋,纪录片,雅克·贝汉JacquesPerrin/雅克·克鲁奥德JacquesCluzaud ...,大海啊，不全是水。,113032
8.5,恋恋笔记本,2004,美国,剧情爱情,尼克·卡索维茨NickCassavetes 瑞恩·高斯林RyanGosling/...,爱情没有那么多借口，如果不能圆满，只能说明爱的不够。 ,364220
8.9,虎口脱险,1966,法国英国,喜剧战争,杰拉尔·乌里GérardOury 路易·德·菲耐斯LouisdeFunès...,永远看不腻的喜剧。,133096
8.8,你看起来好像很好吃,2010,日本,剧情动画儿童,藤森雅也MasayaFujimori 山口胜平KappeiYamaguchi/爱河...,感情不分食草或者食肉。,190361
8.6,被解救的姜戈,2012,美国,剧情动作西部冒险,昆汀·塔伦蒂诺QuentinTarantino 杰米·福克斯JamieFoxx/...,热血沸腾，那个低俗、性感的无耻混蛋又来了。,334224
8.7,二十二,2015,中国大陆,纪录片,郭柯KeGuo ,有一些东西不应该被遗忘。,154859
8.7,头脑特工队,2015,美国,喜剧动画冒险,彼特·道格特PeteDocter/罗纳尔多·德尔·卡门RonaldoDelCarmen  &nb...,愿我们都不用长大，每一座城堡都能永远存在。,316264
8.7,无敌破坏王,2012,美国,喜剧动画奇幻冒险,瑞奇·莫尔RichMoore 约翰·C·赖利JohnC.Reilly/萨拉...,迪士尼和皮克斯拿错剧本的产物。,284065
8.5,冰川时代,2002,美国,喜剧动画冒险,卡洛斯·沙尔丹哈CarlosSaldanha/克里斯·韦奇ChrisWedge 主演...,松鼠才是角儿。,356010
8.4,你的名字。,2016,日本,剧情爱情动画,新海诚MakotoShinkai 神木隆之介RyûnosukeKamiki/上...,穿越错位的时空，仰望陨落的星辰，你没留下你的名字，我却无法忘记那句“我爱你”。,689917
8.7,三块广告牌,2017,美国英国,剧情犯罪,马丁·麦克唐纳MartinMcDonagh 弗兰西斯·麦克多蒙德France...,None,451462
8.8,燃情岁月,1994,美国,剧情爱情战争西部,爱德华·兹威克EdwardZwick 布拉德·皮特BradPitt/安东...,传奇，不是每个人都可以拥有。,176865
9.0,雨中曲,1952,美国,喜剧歌舞爱情,斯坦利·多南StanleyDonen/吉恩·凯利GeneKelly 吉恩·...,骨灰级歌舞片。,118081
8.9,我是山姆,2001,美国,剧情家庭,杰茜·尼尔森JessieNelson SeanPenn/DakotaFanning/Mi...,爱并不需要智商 。,140656
8.6,爆裂鼓手,2014,美国,剧情音乐,达米恩·查泽雷DamienChazelle 迈尔斯·特勒MilesTeller/...,这个世界从不善待努力的人，努力了也不一定会成功，但是知道自己在努力，就是活下去的动力。,306360
8.6,人工智能,2001,美国,冒险剧情科幻,史蒂文·斯皮尔伯格StevenSpielberg 海利·乔·奥斯蒙Haley...,对爱的执着，可以超越一切。,245292
8.9,未麻的部屋,1997,日本,动画奇幻惊悚,今敏SatoshiKon 岩男润子JunkoIwao/松本梨香RicaMatsu...,好的剧本是，就算你猜到了结局也猜不到全部。,135312
8.6,穿越时空的少女,2006,日本,剧情爱情科幻动画,细田守MamoruHosoda 仲里依纱RiisaNaka/石田卓也Takuya...,爱上未来的你。 ,234140
8.8,魂断蓝桥,1940,美国,剧情爱情战争,茂文·勒鲁瓦MervynLeRoy 费雯·丽VivienLeigh/罗伯特·...,中国式内在的美国电影。,157441
8.5,猜火车,1996,英国,剧情犯罪,丹尼·博伊尔DannyBoyle 伊万·麦克格雷格EwanMcGregor/...,不可猜的青春迷笛。 ,295794
8.6,模仿游戏,2014,英国美国,剧情传记战争同性,莫滕·泰杜姆MortenTyldum 本尼迪克特·康伯巴奇BenedictC...,他给机器起名“克里斯托弗”，因为这是他初恋的名字。,333792
8.8,一个叫欧维的男人决定去死,2015,瑞典,剧情,汉内斯·赫尔姆HannesHolm 罗夫·拉斯加德RolfLassgård...,惠及一生的美丽。,179317
8.8,房间,2015,爱尔兰加拿大英国美国,剧情家庭,伦尼·阿伯拉罕森LennyAbrahamson 布丽·拉尔森BrieLarson...,被偷走的岁月，被伤害的生命，被禁锢的灵魂，终将被希望和善意救赎。,213545
9.1,忠犬八公物语,1987,日本,剧情,SeijirôKôyama 山本圭KeiYamamoto/井川比佐志Hisa...,养狗三日，便会对你终其一生。,88072
8.5,完美陌生人,2016,意大利,剧情喜剧,保罗·格诺维瑟PaoloGenovese 马可·贾利尼MarcoGiallini...,来啊，互相伤害啊！,312358
8.4,恐怖游轮,2009,英国澳大利亚,剧情悬疑惊悚,克里斯托弗·史密斯ChristopherSmith 梅利莎·乔治Melissa...,不要企图在重复中寻找已经失去的爱。,430278
8.7,罗生门,1950,日本,犯罪剧情悬疑,黑泽明AkiraKurosawa 三船敏郎ToshirôMifune/千秋实...,人生的N种可能性。,165188
8.6,魔女宅急便,1989,日本,动画奇幻冒险,宫崎骏HayaoMiyazaki 高山南MinamiTakayama/佐久间玲Re...,宫崎骏的电影总让人感觉世界是美好的，阳光明媚的。,259815
8.5,阿飞正传,1990,香港,犯罪剧情爱情,王家卫KarWaiWong 张国荣LeslieCheung/张曼玉MaggieC...,王家卫是一种风格，张国荣是一个代表。,277589
8.5,香水,2006,德国法国西班牙美国,剧情犯罪奇幻,汤姆·提克威TomTykwer 本·卫肖BenWhishaw/艾伦·瑞克...,一个单凭体香达到高潮的男人。,344767
8.9,哪吒闹海,1979,中国大陆,冒险动画奇幻,严定宪DingxianYan/王树忱ShuchenWang 梁正晖Zhenghui...,想你时你在闹海。,112622
8.7,浪潮,2008,德国,剧情惊悚,丹尼斯·甘塞尔DennisGansel 尤尔根·沃格尔JürgenVogel...,世界离独裁只有五天。,165390
8.5,朗读者,2008,美国德国,剧情爱情,史蒂芬·戴德利StephenDaldry 凯特·温丝莱特KateWinslet...,当爱情跨越年龄的界限，它似乎能变得更久远一点，成为一种责任，一种水到渠成的相濡以沫。 ,323119
8.6,黑客帝国3：矩阵革命,2003,美国澳大利亚,动作科幻,AndyWachowski/LarryWachowski 基努·里维斯KeanuReeves...,不得不说，《黑客帝国》系列是商业片与科幻、哲学完美结合的典范。,208974
8.7,海街日记,2015,日本,剧情家庭,是枝裕和HirokazuKoreeda 绫濑遥HarukaAyase/长泽雅美M...,是枝裕和的家庭习作。,194583
8.7,可可西里,2004,中国大陆香港,剧情犯罪,陆川ChuanLu 多布杰Duobujie/张磊LeiZhang/亓亮QiL...,坚硬的信仰。,162330
8.6,谍影重重2,2004,美国德国,动作悬疑惊悚,保罗·格林格拉斯PaulGreengrass 马特·达蒙MattDamon/...,谁说王家卫镜头很晃？,206621
8.5,谍影重重,2002,美国德国捷克,动作悬疑惊悚,道格·里曼DougLiman 马特·达蒙MattDamon/弗兰卡·波坦...,哗啦啦啦啦，天在下雨，哗啦啦啦啦，云在哭泣……找自己。,246471
8.6,战争之王,2005,美国法国,剧情犯罪,安德鲁·尼科尔AndrewNiccol 尼古拉斯·凯奇NicolasCage/...,做一颗让别人需要你的棋子。,213909
8.8,牯岭街少年杀人事件,1991,台湾,剧情犯罪,杨德昌EdwardYang 张震ChenChang/杨静怡LisaYang/张...,弱者送给弱者的一刀。,139484
8.9,地球上的星星,2007,印度,剧情儿童家庭,阿米尔·汗AamirKhan 达席尔·萨法瑞DarsheelSafary/阿...,天使保护事件始末。,112105
8.5,青蛇,1993,香港,剧情爱情奇幻古装,徐克HarkTsui 张曼玉MaggieCheung/王祖贤JoeyWang/...,人生如此，浮生如斯。谁人言，花彼岸，此生情长意短。谁都是不懂爱的罢了。,286816
8.9,惊魂记,1960,美国,悬疑惊悚恐怖,AlfredHitchcock JanetLeigh/AnthonyPerkins/VeraMiles,故事的反转与反转，分裂电影的始祖。,111932
8.4,疯狂的石头,2006,中国大陆香港,喜剧犯罪,宁浩HaoNing 郭涛TaoGuo/刘桦HuaLiu/连晋TeddyLin,中国版《两杆大烟枪》。,423815
8.7,一次别离,2011,伊朗法国,剧情家庭,阿斯哈·法哈蒂AsgharFarhadi 佩曼·莫阿迪PeymanMoadi/...,只有有信仰的人才能说出事实真相。,161273
8.9,追随,1998,英国,犯罪悬疑惊悚,克里斯托弗·诺兰ChristopherNolan 杰里米·西奥伯德Jeremy...,诺兰的牛逼来源于内心散发出的恐惧。,102806
8.6,终结者2：审判日,1991,美国法国,动作科幻,詹姆斯·卡梅隆JamesCameron 阿诺·施瓦辛格ArnoldSchwarz...,少见的超越首部的续集，动作片中的经典。,186663
8.4,源代码,2011,美国加拿大,科幻悬疑惊悚,邓肯·琼斯DuncanJones 杰克·吉伦哈尔JakeGyllenhaal/...,邓肯·琼斯继《月球》之后再度奉献出一部精彩绝伦的科幻佳作。,499847
8.3,初恋这件小事,2010,泰国,剧情喜剧爱情,普特鹏·普罗萨卡·那·萨克那卡林PuttipongPromsakaNaSakolnakorn/华森·波克彭...,黑小鸭速效美白记。,594240
8.5,小萝莉的猴神大叔,2015,印度,剧情喜剧动作,卡比尔·汗KabirKhan 萨尔曼·汗SalmanKhan/哈莎莉·马...,宝莱坞的萝莉与大叔。,245922
8.8,步履不停,2008,日本,剧情家庭,是枝裕和HirokazuKoreeda 阿部宽HiroshiAbe/夏川结衣Yu...,日本的家庭电影已经是世界巅峰了，步履不停是巅峰中的佳作。,126206
9.1,天书奇谭,1983/2019,中国大陆,动画奇幻,王树忱ShuchenWang/钱运达YundaQian 丁建华JianhuaDin...,传奇的年代，醉人的童话。,76599
8.5,新龙门客栈,1992,香港中国大陆,动作爱情武侠古装,李惠民RaymondLee 张曼玉MaggieCheung/林青霞Brigitte...,嬉笑怒骂，调风动月。,241579
8.5,再次出发之纽约遇见你,2013,美国,喜剧爱情音乐,约翰·卡尼JohnCarney 凯拉·奈特莉KeiraKnightley/马克...,爱我就给我看你的播放列表。,229529
8.6,撞车,2004,美国德国,犯罪剧情,保罗·哈吉斯PaulHaggis 桑德拉·布洛克SandraBullock/...,天使与魔鬼的冲撞。,210653
8.7,梦之安魂曲,2000,美国,剧情,达伦·阿伦诺夫斯基DarrenAronofsky 艾伦·伯斯汀EllenBur...,一场没有春天的噩梦。,137974
8.8,爱在午夜降临前,2013,美国希腊,剧情爱情,理查德·林克莱特RichardLinklater 伊桑·霍克EthanHawke...,所谓爱情，就是话唠一路，都不会心生腻烦，彼此嫌弃。,154664
9.1,海蒂和爷爷,2015,德国瑞士南非,剧情冒险家庭,阿兰·葛斯彭纳AlainGsponer 阿努克·斯特芬AnukSteffen/...,None,83070
8.5,无耻混蛋,2009,美国德国,剧情犯罪,QuentinTarantino 布拉德·皮特BradPitt/梅拉尼·罗兰M...,昆汀同学越来越变态了，比北野武还杜琪峰。,277148
9.2,东京物语,1953,日本,剧情家庭,小津安二郎YasujirôOzu 笠智众ChishûRyû/原节...,东京那么大，如果有一天走失了，恐怕一辈子不能再相见。,67408
9.3,城市之光,1931,美国,喜剧剧情爱情,CharlesChaplin 查理·卓别林CharlesChaplin/弗吉尼亚·...,永远的小人物，伟大的卓别林。,60542
8.7,绿里奇迹,1999,美国,犯罪剧情奇幻悬疑,FrankDarabont 汤姆·汉克斯TomHanks/大卫·摩斯DavidM...,天使暂时离开。,136238
8.5,彗星来的那一夜,2013,美国英国,科幻悬疑惊悚,詹姆斯·沃德·布柯特JamesWardByrkit 艾米丽·芭尔多尼Em...,小成本大魅力。,254563
8.6,血钻,2006,美国德国,剧情惊悚冒险,爱德华·兹威克EdwardZwick 莱昂纳多·迪卡普里奥Leonardo...,每个美丽事物背后都是滴血的现实。,179822
8.5,这个男人来自地球,2007,美国,剧情科幻,理查德·沙因克曼RichardSchenkman 大卫·李·史密斯David...,科幻真正的魅力不是视觉效果能取代的。 ,233640
8.5,E.T. 外星人,1982,美国,剧情科幻,StevenSpielberg HenryThomas/DeeWallace/RobertMacNa...,生病的E.T.皮肤的颜色就像柿子饼。,200010
8.7,2001太空漫游,1968,英国美国,科幻惊悚冒险,斯坦利·库布里克StanleyKubrick 凯尔·杜拉KeirDullea/...,现代科幻电影的开山之作，最伟大导演的最伟大影片。,136773
8.7,末路狂花,1991,美国法国,犯罪剧情惊悚,雷德利·斯科特RidleyScott 吉娜·戴维斯GeenaDavis/苏...,没有了退路，只好飞向自由。,130799
8.8,聚焦,2015,美国,剧情传记,托马斯·麦卡锡ThomasMcCarthy 马克·鲁弗洛MarkRuffalo/...,新闻人的理性求真。,163394
8.6,勇闯夺命岛,1996,美国,动作冒险,迈克尔·贝MichaelBay 肖恩·康纳利SeanConnery/尼古拉...,类型片的极致。 ,173733
8.4,变脸,1997,美国,动作科幻犯罪惊悚,吴宇森JohnWoo 约翰·特拉沃尔塔JohnTravolta/尼古拉斯...,当发哥的风衣、墨镜出现在了凯奇身上⋯⋯,260775
8.5,发条橙,1971,英国美国,犯罪剧情科幻,StanleyKubrick MalcolmMcDowell/PatrickMagee/Michael...,我完全康复了。,226870
8.3,功夫,2004,中国大陆香港,动作喜剧犯罪奇幻,周星驰StephenChow 周星驰StephenChow/元秋QiuYuen/...,None,412448
8.3,秒速5厘米,2007,日本,动画剧情爱情,新海诚MakotoShinkai 水桥研二KenjiMizuhashi/近藤好美...,青春就是放弃和怀念。,387777
9.1,黄金三镖客,1966,意大利西班牙西德,冒险西部,SergioLeone ClintEastwood/EliWallach/LeeVanCleef,最棒的西部片。,66941
8.6,黑鹰坠落,2001,美国,动作历史战争,雷德利·斯科特RidleyScott 乔什·哈奈特JoshHartnett/...,还原真实而残酷的战争。,157484
8.6,非常嫌疑犯,1995,德国美国,剧情犯罪悬疑惊悚,布莱恩·辛格BryanSinger 史蒂芬·鲍德温StephenBaldwin/...,我不信仰上帝，但我敬畏上帝。,152842
8.6,卡萨布兰卡,1942,美国,剧情爱情战争,迈克尔·柯蒂兹MichaelCurtiz 亨弗莱·鲍嘉HumphreyBogart...,世界上有那么多女人那么多酒馆，但她偏偏走进我的这家。,152773
9.0,我爱你,2011,韩国,剧情爱情,秋昌民Chang-minChoo 宋在河Jae-hoSong/李顺载Soon-jae...,你要相信，这世上真的有爱存在，不管在什么年纪 ,78696
8.4,国王的演讲,2010,英国澳大利亚美国,剧情传记历史,汤姆·霍珀TomHooper 柯林·菲尔斯ColinFirth/杰弗里·...,皇上无话儿。,416539
8.7,千钧一发,1997,美国,剧情科幻惊悚,安德鲁·尼科尔AndrewNiccol 伊桑·霍克EthanHawke/乌玛...,一部能引人思考的科幻励志片。,120475
8.6,疯狂的麦克斯4：狂暴之路,2015,澳大利亚美国,动作科幻冒险,乔治·米勒GeorgeMiller 汤姆·哈迪TomHardy/查理兹·塞...,None,271987
8.5,美国丽人,1999,美国,剧情爱情家庭,萨姆·门德斯SamMendes 凯文·史派西KevinSpacey/安妮特...,每个人的内心都是深不可测的大海。 ,226940
8.6,遗愿清单,2007,美国,冒险喜剧剧情,罗伯·莱纳RobReiner 杰克·尼科尔森JackNicholson/摩根...,用剩余不多的时间，去燃烧整个生命。,174677
8.6,奇迹男孩,2017,美国香港,剧情儿童家庭,斯蒂芬·卓博斯基StephenChbosky 雅各布·特伦布莱JacobTr...,None,289070
8.7,碧海蓝天,1988,法国美国意大利,剧情爱情,LucBesson 让-马克·巴尔Jean-MarcBarr/让·雷诺JeanRe...,在那片深蓝中，感受来自大海的忧伤寂寞与美丽自由。,120219
8.3,驴得水,2016,中国大陆,剧情喜剧,周申ShenZhou/刘露LuLiu 任素汐SuxiRen/大力DaLi...,过去的如果就让它过去了，未来只会越来越糟！,462778
8.5,荒岛余生,2000,美国,冒险剧情,罗伯特·泽米吉斯RobertZemeckis 汤姆·汉克斯TomHanks/...,一个人的独角戏。,174077
8.7,枪火,1999,香港,剧情动作犯罪,杜琪峰JohnnieTo 吴镇宇FrancisNg/任达华SimonYam/...,一群演技精湛的戏骨，奉献出一个精致的黑帮小品，成就杜琪峰群戏的巅峰之作。,126700
8.5,英国病人,1996,美国英国,爱情剧情战争,安东尼·明格拉AnthonyMinghella 拉尔夫·费因斯RalphFien...,In memory, love lives forever...,204758
8.6,荒野生存,2007,美国,冒险传记剧情,西恩·潘SeanPenn 埃米尔·赫斯基EmileHirsch/马西娅·...,出门必备：本草纲目。,155485
